create database crm_db;
use crm_db;

CREATE TABLE Customers (
    CustomerID INT(11) NOT NULL AUTO_INCREMENT,
    FirstName VARCHAR(50) NOT NULL,
    LastName VARCHAR(50) NOT NULL,
    Email VARCHAR(100) NOT NULL UNIQUE,
    Phone VARCHAR(20),
    Address VARCHAR(255),
    City VARCHAR(50),
    State VARCHAR(50),
    ZipCode VARCHAR(10),
    Country VARCHAR(50),
    CreatedAt TIMESTAMP NOT NULL DEFAULT CURRENT_TIMESTAMP,
    PRIMARY KEY (CustomerID)
);
desc Customers;

CREATE TABLE Products (
    ProductID INT(11) NOT NULL AUTO_INCREMENT,
    ProductName VARCHAR(100) NOT NULL,
    Description TEXT,
    Price DECIMAL(10,2) NOT NULL,
    Stock INT(11) DEFAULT 0,
    CreatedAt TIMESTAMP NOT NULL DEFAULT CURRENT_TIMESTAMP,
    PRIMARY KEY (ProductID)
);
desc Products;

CREATE TABLE Employees (
    EmployeeID INT(11) NOT NULL AUTO_INCREMENT,
    FirstName VARCHAR(50) NOT NULL,
    LastName VARCHAR(50) NOT NULL,
    Email VARCHAR(100) NOT NULL UNIQUE,
    Phone VARCHAR(20),
    Position VARCHAR(50),
    Department VARCHAR(50),
    HireDate DATE,
    CreatedAt TIMESTAMP NOT NULL DEFAULT CURRENT_TIMESTAMP,
    PRIMARY KEY (EmployeeID)
);
desc Employees;

CREATE TABLE Orders (
    OrderID INT(11) NOT NULL AUTO_INCREMENT,
    CustomerID INT(11),
    OrderDate TIMESTAMP NOT NULL DEFAULT CURRENT_TIMESTAMP,
    TotalAmount DECIMAL(10,2) NOT NULL,
    Status VARCHAR(50) DEFAULT 'Pending',
    PRIMARY KEY (OrderID),
    FOREIGN KEY (CustomerID) REFERENCES Customers(CustomerID)
);
desc Orders;

CREATE TABLE CustomerFeedback (
    FeedbackID INT(11) NOT NULL AUTO_INCREMENT,
    CustomerID INT(11),
    OrderID INT(11),
    Rating INT(11),
    Comments TEXT,
    CreatedAt TIMESTAMP NOT NULL DEFAULT CURRENT_TIMESTAMP,
    PRIMARY KEY (FeedbackID),
    FOREIGN KEY (CustomerID) REFERENCES Customers(CustomerID),
    FOREIGN KEY (OrderID) REFERENCES Orders(OrderID)
);
desc CustomerFeedback;

INSERT INTO Customers (FirstName, LastName, Email, Phone, Address, City, State, ZipCode, Country) VALUES
('Madan', 'Chatterjee', 'madan.chatterjee@gmail.com', '8768510889', '89, Chennai Street', 'Chennai', 'Tamil Nadu', '056873', 'India'),
('Vihaan', 'Ghosh', 'vihaan.ghosh@gmail.com', '7504916122', '67, Bangalore Street', 'Bangalore', 'Karnataka', '482179', 'India'),
('Madan', 'Desai', 'madan.desai@gmail.com', '8668243624', '1, Mumbai Street', 'Mumbai', 'Maharashtra', '281975', 'India'),
('Vihaan', 'Desai', 'vihaan.desai@gmail.com', '8302837644', '84, Lucknow Street', 'Lucknow', 'Uttar Pradesh', '678123', 'India'),
('Isha', 'Iyer', 'isha.iyer@gmail.com', '7865910859', '58, Jaipur Street', 'Jaipur', 'Rajasthan', '840129', 'India'),
('Vivaan', 'Bhatia', 'vivaan.bhatia@gmail.com', '8461649661', '3, Kolkata Street', 'Kolkata', 'West Bengal', '197073', 'India'),
('Inaya', 'Reddy', 'inaya.reddy@gmail.com', '9778035469', '34, Jaipur Street', 'Jaipur', 'Rajasthan', '511105', 'India'),
('Aarav', 'Joshi', 'aarav.joshi@gmail.com', '8902120127', '83, Bangalore Street', 'Bangalore', 'Karnataka', '402502', 'India'),
('Myra', 'Iyer', 'myra.iyer@gmail.com', '8975611726', '67, Kolkata Street', 'Kolkata', 'West Bengal', '198161', 'India'),
('Zara', 'Reddy', 'zara.reddy@gmail.com', '9246388464', '27, Bangalore Street', 'Bangalore', 'Karnataka', '814793', 'India'),
('Reyansh', 'Kumar', 'reyansh.kumar@gmail.com', '7362087496', '54, Hyderabad Street', 'Hyderabad', 'Telangana', '399375', 'India'),
('Aarohi', 'Pillai', 'aarohi.pillai@gmail.com', '9724297868', '82, Bangalore Street', 'Bangalore', 'Karnataka', '042118', 'India'),
('Eva', 'Iyer', 'eva.iyer@gmail.com', '9433512380', '11, Kolkata Street', 'Kolkata', 'West Bengal', '779442', 'India'),
('Aditya', 'Mehta', 'aditya.mehta@gmail.com', '9409977026', '45, Kolkata Street', 'Kolkata', 'West Bengal', '758699', 'India'),
('Pihu', 'Ghosh', 'pihu.ghosh@gmail.com', '9399487302', '100, Ahmedabad Street', 'Ahmedabad', 'Gujarat', '999836', 'India'),
('Krishna', 'Mehta', 'krishna.mehta@gmail.com', '9882015072', '49, Hyderabad Street', 'Hyderabad', 'Telangana', '904192', 'India'),
('Pihu', 'Jain', 'pihu.jain@gmail.com', '7674868168', '82, Bangalore Street', 'Bangalore', 'Karnataka', '825880', 'India'),
('Aarna', 'Desai', 'aarna.desai@gmail.com', '7112112695', '59, Chennai Street', 'Chennai', 'Tamil Nadu', '444049', 'India'),
('Arjun', 'Gupta', 'arjun.gupta@gmail.com', '8660243332', '13, Bangalore Street', 'Bangalore', 'Karnataka', '922941', 'India'),
('Ayaan', 'Ghosh', 'ayaan.ghosh@gmail.com', '8152728833', '45, Hyderabad Street', 'Hyderabad', 'Telangana', '309303', 'India'),
('Aria', 'Sharma', 'aria.sharma@gmail.com', '7178215833', '53, Lucknow Street', 'Lucknow', 'Uttar Pradesh', '533133', 'India'),
('Diya', 'Desai', 'diya.desai@gmail.com', '8026665303', '26, Ahmedabad Street', 'Ahmedabad', 'Gujarat', '783715', 'India'),
('Aarohi', 'Das', 'aarohi.das@gmail.com', '7775332074', '98, Delhi Street', 'Delhi', 'Delhi', '878316', 'India'),
('Saanvi', 'Gupta', 'saanvi.gupta@gmail.com', '9232437999', '52, Lucknow Street', 'Lucknow', 'Uttar Pradesh', '495525', 'India'),
('Anvi', 'Joshi', 'anvi.joshi@gmail.com', '9409444035', '74, Kolkata Street', 'Kolkata', 'West Bengal', '290738', 'India'),
('Aditya', 'Sinha', 'aditya.sinha@gmail.com', '7577793979', '63, Pune Street', 'Pune', 'Maharashtra', '396712', 'India'),
('Madan', 'Ghosh', 'madan.ghosh@gmail.com', '9851658247', '63, Lucknow Street', 'Lucknow', 'Uttar Pradesh', '717842', 'India'),
('Sara', 'Mehta', 'sara.mehta@gmail.com', '9309189724', '33, Chennai Street', 'Chennai', 'Tamil Nadu', '977808', 'India'),
('Aria', 'Bhatia', 'aria.bhatia@gmail.com', '9666421445', '5, Pune Street', 'Pune', 'Maharashtra', '399358', 'India'),
('Arjun', 'Saxena', 'arjun.saxena@gmail.com', '8491375941', '1, Delhi Street', 'Delhi', 'Delhi', '284466', 'India'),
('Ishaan', 'Iyer', 'ishaan.iyer@gmail.com', '9555464802', '81, Pune Street', 'Pune', 'Maharashtra', '981212', 'India'),
('Anushka', 'Jain', 'anushka.jain@gmail.com', '7567141129', '70, Bangalore Street', 'Bangalore', 'Karnataka', '163644', 'India'),
('Inaya', 'Menon', 'inaya.menon@gmail.com', '7386501496', '6, Bangalore Street', 'Bangalore', 'Karnataka', '842658', 'India'),
('Isha', 'Reddy', 'isha.reddy@gmail.com', '9959993319', '72, Bangalore Street', 'Bangalore', 'Karnataka', '178965', 'India'),
('Arjun', 'Pillai', 'arjun.pillai@gmail.com', '9486539527', '84, Pune Street', 'Pune', 'Maharashtra', '762176', 'India'),
('Kavya', 'Rao', 'kavya.rao@gmail.com', '8216010806', '90, Lucknow Street', 'Lucknow', 'Uttar Pradesh', '358415', 'India'),
('Saanvi', 'Iyer', 'saanvi.iyer@gmail.com', '8150982558', '50, Delhi Street', 'Delhi', 'Delhi', '858958', 'India'),
('Diya', 'Pandey', 'diya.pandey@gmail.com', '9727651309', '90, Bangalore Street', 'Bangalore', 'Karnataka', '454605', 'India'),
('Myra', 'Mishra', 'myra.mishra@gmail.com', '9551616948', '34, Mumbai Street', 'Mumbai', 'Maharashtra', '834238', 'India'),
('Zara', 'Chopra', 'zara.chopra@gmail.com', '7771725082', '42, Delhi Street', 'Delhi', 'Delhi', '607126', 'India'),
('Madan', 'Reddy', 'madan.reddy@gmail.com', '9584489517', '98, Chennai Street', 'Chennai', 'Tamil Nadu', '764390', 'India'),
('Arjun', 'Rana', 'arjun.rana@gmail.com', '9878140290', '43, Delhi Street', 'Delhi', 'Delhi', '798979', 'India'),
('Arjun', 'Reddy', 'arjun.reddy@gmail.com', '8041469002', '50, Pune Street', 'Pune', 'Maharashtra', '075369', 'India'),
('Aditya', 'Rao', 'aditya.rao@gmail.com', '9077196647', '96, Ahmedabad Street', 'Ahmedabad', 'Gujarat', '544123', 'India'),
('Ayaan', 'Bhatia', 'ayaan.bhatia@gmail.com', '9947894591', '34, Delhi Street', 'Delhi', 'Delhi', '805393', 'India'),
('Aarohi', 'Nair', 'aarohi.nair@gmail.com', '9311273977', '58, Chennai Street', 'Chennai', 'Tamil Nadu', '338290', 'India'),
('Vihaan', 'Chopra', 'vihaan.chopra@gmail.com', '7325235736', '29, Ahmedabad Street', 'Ahmedabad', 'Gujarat', '269757', 'India'),
('Aarav', 'Gupta', 'aarav.gupta@gmail.com', '8077468687', '33, Jaipur Street', 'Jaipur', 'Rajasthan', '259857', 'India'),
('Madan', 'Sharma', 'madan.sharma@gmail.com', '9445807909', '27, Pune Street', 'Pune', 'Maharashtra', '057454', 'India'),
('Saanvi', 'Verma', 'saanvi.verma@gmail.com', '8648734011', '28, Ahmedabad Street', 'Ahmedabad', 'Gujarat', '578204', 'India'),
('Ananya', 'Malhotra', 'ananya.malhotra@gmail.com', '7439410983', '39, Hyderabad Street', 'Hyderabad', 'Telangana', '707850', 'India'),
('Kavya', 'Chatterjee', 'kavya.chatterjee@gmail.com', '9479343717', '1, Hyderabad Street', 'Hyderabad', 'Telangana', '576756', 'India'),
('Krishna', 'Nair', 'krishna.nair@gmail.com', '7680687170', '33, Ahmedabad Street', 'Ahmedabad', 'Gujarat', '159652', 'India'),
('Inaya', 'Mehta', 'inaya.mehta@gmail.com', '9937320633', '55, Jaipur Street', 'Jaipur', 'Rajasthan', '142296', 'India'),
('Reyansh', 'Das', 'reyansh.das@gmail.com', '8117613191', '75, Ahmedabad Street', 'Ahmedabad', 'Gujarat', '105643', 'India'),
('Mira', 'Menon', 'mira.menon@gmail.com', '9326205393', '87, Hyderabad Street', 'Hyderabad', 'Telangana', '252708', 'India'),
('Inaya', 'Sharma', 'inaya.sharma@gmail.com', '9179301723', '97, Bangalore Street', 'Bangalore', 'Karnataka', '722436', 'India'),
('Reyansh', 'Bhatia', 'reyansh.bhatia@gmail.com', '9242380383', '91, Bangalore Street', 'Bangalore', 'Karnataka', '863043', 'India'),
('Mira', 'Sinha', 'mira.sinha@gmail.com', '7217941389', '34, Mumbai Street', 'Mumbai', 'Maharashtra', '629288', 'India'),
('Inaya', 'Ghosh', 'inaya.ghosh@gmail.com', '7794096979', '93, Ahmedabad Street', 'Ahmedabad', 'Gujarat', '950175', 'India'),
('Ishaan', 'Jain', 'ishaan.jain@gmail.com', '8625857734', '89, Mumbai Street', 'Mumbai', 'Maharashtra', '951781', 'India'),
('Sai', 'Jain', 'sai.jain@gmail.com', '7288917623', '28, Pune Street', 'Pune', 'Maharashtra', '376057', 'India'),
('Anushka', 'Rao', 'anushka.rao@gmail.com', '8479754150', '96, Mumbai Street', 'Mumbai', 'Maharashtra', '103819', 'India'),
('Aarohi', 'Joshi', 'aarohi.joshi@gmail.com', '7895800020', '19, Jaipur Street', 'Jaipur', 'Rajasthan', '713640', 'India'),
('Aditya', 'Saxena', 'aditya.saxena@gmail.com', '9895940259', '77, Jaipur Street', 'Jaipur', 'Rajasthan', '088778', 'India'),
('Sara', 'Rana', 'sara.rana@gmail.com', '9760107468', '54, Delhi Street', 'Delhi', 'Delhi', '271873', 'India'),
('Madan', 'Roy', 'madan.roy@gmail.com', '7191831131', '91, Hyderabad Street', 'Hyderabad', 'Telangana', '674781', 'India'),
('Arjun', 'Chatterjee', 'arjun.chatterjee@gmail.com', '7855104149', '21, Pune Street', 'Pune', 'Maharashtra', '549776', 'India'),
('Anushka', 'Ghosh', 'anushka.ghosh@gmail.com', '8204108322', '76, Hyderabad Street', 'Hyderabad', 'Telangana', '067504', 'India'),
('Reyansh', 'Nair', 'reyansh.nair@gmail.com', '8608134313', '56, Mumbai Street', 'Mumbai', 'Maharashtra', '344623', 'India'),
('Vivaan', 'Roy', 'vivaan.roy@gmail.com', '8821984612', '63, Delhi Street', 'Delhi', 'Delhi', '405308', 'India'),
('Arjun', 'Sharma', 'arjun.sharma@gmail.com', '9782073612', '53, Hyderabad Street', 'Hyderabad', 'Telangana', '395300', 'India'),
('Krishna', 'Pandey', 'krishna.pandey@gmail.com', '8429007476', '71, Hyderabad Street', 'Hyderabad', 'Telangana', '593333', 'India'),
('Ananya', 'Verma', 'ananya.verma@gmail.com', '7294728654', '66, Chennai Street', 'Chennai', 'Tamil Nadu', '562248', 'India'),
('Reyansh', 'Verma', 'reyansh.verma@gmail.com', '8841428638', '26, Bangalore Street', 'Bangalore', 'Karnataka', '834563', 'India'),
('Sara', 'Kumar', 'sara.kumar@gmail.com', '7482023465', '23, Lucknow Street', 'Lucknow', 'Uttar Pradesh', '752026', 'India'),
('Krishna', 'Roy', 'krishna.roy@gmail.com', '8184252487', '17, Jaipur Street', 'Jaipur', 'Rajasthan', '316891', 'India'),
('Saanvi', 'Mishra', 'saanvi.mishra@gmail.com', '8756992605', '61, Pune Street', 'Pune', 'Maharashtra', '255558', 'India'),
('Zara', 'Iyer', 'zara.iyer@gmail.com', '8225991317', '54, Jaipur Street', 'Jaipur', 'Rajasthan', '398634', 'India'),
('Eva', 'Chopra', 'eva.chopra@gmail.com', '7382539580', '72, Chennai Street', 'Chennai', 'Tamil Nadu', '355695', 'India'),
('Ananya', 'Kumar', 'ananya.kumar@gmail.com', '7123399371', '33, Hyderabad Street', 'Hyderabad', 'Telangana', '883789', 'India'),
('Aarav', 'Menon', 'aarav.menon@gmail.com', '9682303034', '70, Ahmedabad Street', 'Ahmedabad', 'Gujarat', '984271', 'India'),
('Vivaan', 'Joshi', 'vivaan.joshi@gmail.com', '9720614085', '54, Kolkata Street', 'Kolkata', 'West Bengal', '644003', 'India'),
('Aarna', 'Malhotra', 'aarna.malhotra@gmail.com', '8459499260', '55, Pune Street', 'Pune', 'Maharashtra', '552144', 'India'),
('Ananya', 'Jain', 'ananya.jain@gmail.com', '7115449873', '49, Bangalore Street', 'Bangalore', 'Karnataka', '286441', 'India'),
('Krishna', 'Singh', 'krishna.singh@gmail.com', '8815137682', '59, Jaipur Street', 'Jaipur', 'Rajasthan', '327969', 'India'),
('Anvi', 'Kumar', 'anvi.kumar@gmail.com', '9876542631', '65, Bangalore Street', 'Bangalore', 'Karnataka', '568720', 'India'),
('Vivaan', 'Patel', 'vivaan.patel@gmail.com', '9551590178', '54, Jaipur Street', 'Jaipur', 'Rajasthan', '488103', 'India'),
('Vihaan', 'Patel', 'vihaan.patel@gmail.com', '9074308645', '89, Jaipur Street', 'Jaipur', 'Rajasthan', '750103', 'India'),
('Myra', 'Chopra', 'myra.chopra@gmail.com', '8813063789', '34, Bangalore Street', 'Bangalore', 'Karnataka', '807387', 'India'),
('Pihu', 'Desai', 'pihu.desai@gmail.com', '7137237159', '38, Mumbai Street', 'Mumbai', 'Maharashtra', '713178', 'India'),
('Eva', 'Chatterjee', 'eva.chatterjee@gmail.com', '9679227286', '6, Ahmedabad Street', 'Ahmedabad', 'Gujarat', '587676', 'India'),
('Madan', 'Pandey', 'madan.pandey@gmail.com', '8711573380', '32, Bangalore Street', 'Bangalore', 'Karnataka', '714842', 'India'),
('Sai', 'Mehta', 'sai.mehta@gmail.com', '8437391281', '52, Bangalore Street', 'Bangalore', 'Karnataka', '898724', 'India'),
('Pihu', 'Roy', 'pihu.roy@gmail.com', '7489340881', '87, Mumbai Street', 'Mumbai', 'Maharashtra', '573466', 'India'),
('Arjun', 'Pandey', 'arjun.pandey@gmail.com', '7225840397', '12, Delhi Street', 'Delhi', 'Delhi', '987393', 'India'),
('Zara', 'Patel', 'zara.patel@gmail.com', '8444887930', '16, Kolkata Street', 'Kolkata', 'West Bengal', '818204', 'India'),
('Arjun', 'Iyer', 'arjun.iyer@gmail.com', '7855552993', '53, Bangalore Street', 'Bangalore', 'Karnataka', '378930', 'India'),
('Reyansh', 'Gupta', 'reyansh.gupta@gmail.com', '8599033747', '37, Jaipur Street', 'Jaipur', 'Rajasthan', '469739', 'India'),
('Krishna', 'Menon', 'krishna.menon@gmail.com', '7908368258', '67, Bangalore Street', 'Bangalore', 'Karnataka', '777531', 'India');


INSERT INTO Products (ProductID, ProductName, Description, Price, Stock, CreatedAt) VALUES
(1, 'Smartphone', 'Sleek smartwatch with fitness tracking features.', 634.06, 45, '2024-06-03 21:41:28'),
(2, 'Smartwatch', 'High-performance laptop with stunning display.', 173.85, 27, '2024-06-03 21:41:28'),
(3, 'Smartwatch', 'Professional camera for capturing high-quality photos.', 1250.81, 42, '2024-06-03 21:41:28'),
(4, 'Smartwatch', 'Versatile tablet for work and entertainment.', 628.63, 87, '2024-06-03 21:41:28'),
(5, 'Camera', 'Professional camera for capturing high-quality photos.', 437.51, 77, '2024-06-03 21:41:28'),
(6, 'Headphones', 'Latest smartphone with advanced features.', 788.47, 59, '2024-06-03 21:41:28'),
(7, 'Camera', 'Latest smartphone with advanced features.', 1069.09, 88, '2024-06-03 21:41:28'),
(8, 'Smartwatch', 'Premium headphones for immersive audio experience.', 718.77, 77, '2024-06-03 21:41:28'),
(9, 'Camera', 'Professional camera for capturing high-quality photos.', 1012.46, 52, '2024-06-03 21:41:28'),
(10, 'Headphones', 'Sleek smartwatch with fitness tracking features.', 1047.74, 88, '2024-06-03 21:41:28'),
(11, 'Headphones', 'Latest smartphone with advanced features.', 140.02, 1, '2024-06-03 21:41:28'),
(12, 'Camera', 'Versatile tablet for work and entertainment.', 351.28, 5, '2024-06-03 21:41:28'),
(13, 'Laptop', 'Sleek smartwatch with fitness tracking features.', 331.43, 91, '2024-06-03 21:41:28'),
(14, 'Headphones', 'Versatile tablet for work and entertainment.', 1451.59, 47, '2024-06-03 21:41:28'),
(15, 'Smartphone', 'Premium headphones for immersive audio experience.', 791.99, 43, '2024-06-03 21:41:28'),
(16, 'Headphones', 'High-performance laptop with stunning display.', 1213.47, 10, '2024-06-03 21:41:28'),
(17, 'Headphones', 'Professional camera for capturing high-quality photos.', 1195.47, 73, '2024-06-03 21:41:28'),
(18, 'Camera', 'Premium headphones for immersive audio experience.', 171.37, 88, '2024-06-03 21:41:28'),
(19, 'Headphones', 'High-performance laptop with stunning display.', 1382.45, 100, '2024-06-03 21:41:28'),
(20, 'Smartphone', 'Versatile tablet for work and entertainment.', 275.00, 72, '2024-06-03 21:41:28'),
(21, 'Laptop', 'Latest smartphone with advanced features.', 58.57, 92, '2024-06-03 21:41:28'),
(22, 'Camera', 'Premium headphones for immersive audio experience.', 818.78, 57, '2024-06-03 21:41:28'),
(23, 'Camera', 'Professional camera for capturing high-quality photos.', 373.26, 37, '2024-06-03 21:41:28'),
(24, 'Smartphone', 'High-performance laptop with stunning display.', 254.93, 25, '2024-06-03 21:41:28'),
(25, 'Tablet', 'Latest smartphone with advanced features.', 749.44, 53, '2024-06-03 21:41:28'),
(26, 'Laptop', 'High-performance laptop with stunning display.', 137.68, 14, '2024-06-03 21:41:28'),
(27, 'Smartwatch', 'Sleek smartwatch with fitness tracking features.', 1043.83, 66, '2024-06-03 21:41:28'),
(28, 'Laptop', 'Latest smartphone with advanced features.', 470.05, 74, '2024-06-03 21:41:28'),
(29, 'Smartphone', 'High-performance laptop with stunning display.', 401.07, 31, '2024-06-03 21:41:28'),
(30, 'Tablet', 'Latest smartphone with advanced features.', 645.50, 25, '2024-06-03 21:41:28'),
(31, 'Tablet', 'Versatile tablet for work and entertainment.', 991.01, 61, '2024-06-03 21:41:28'),
(32, 'Smartwatch', 'Versatile tablet for work and entertainment.', 512.07, 1, '2024-06-03 21:41:28'),
(33, 'Laptop', 'Sleek smartwatch with fitness tracking features.', 174.27, 19, '2024-06-03 21:41:28'),
(34, 'Smartwatch', 'High-performance laptop with stunning display.', 1306.20, 66, '2024-06-03 21:41:28'),
(35, 'Tablet', 'Versatile tablet for work and entertainment.', 122.00, 85, '2024-06-03 21:41:28'),
(36, 'Headphones', 'Versatile tablet for work and entertainment.', 330.60, 15, '2024-06-03 21:41:28'),
(37, 'Tablet', 'High-performance laptop with stunning display.', 1043.99, 62, '2024-06-03 21:41:28'),
(38, 'Smartphone', 'High-performance laptop with stunning display.', 79.42, 32, '2024-06-03 21:41:28'),
(39, 'Smartwatch', 'Sleek smartwatch with fitness tracking features.', 908.99, 76, '2024-06-03 21:41:28'),
(40, 'Tablet', 'Professional camera for capturing high-quality photos.', 908.09, 51, '2024-06-03 21:41:28'),
(41, 'Smartphone', 'Sleek smartwatch with fitness tracking features.', 415.99, 14, '2024-06-03 21:41:28'),
(42, 'Smartwatch', 'Professional camera for capturing high-quality photos.', 1182.99, 48, '2024-06-03 21:41:28'),
(43, 'Tablet', 'High-performance laptop with stunning display.', 883.65, 16, '2024-06-03 21:41:28'),
(44, 'Tablet', 'Versatile tablet for work and entertainment.', 1020.10, 80, '2024-06-03 21:41:28'),
(45, 'Camera', 'Professional camera for capturing high-quality photos.', 212.35, 75, '2024-06-03 21:41:28'),
(46, 'Headphones', 'Versatile tablet for work and entertainment.', 1433.42, 94, '2024-06-03 21:41:28'),
(47, 'Tablet', 'Sleek smartwatch with fitness tracking features.', 722.43, 82, '2024-06-03 21:41:28'),
(48, 'Smartphone', 'Sleek smartwatch with fitness tracking features.', 1409.00, 12, '2024-06-03 21:41:28'),
(49, 'Tablet', 'Versatile tablet for work and entertainment.', 299.52, 80, '2024-06-03 21:41:28'),
(50, 'Camera', 'High-performance laptop with stunning display.', 1478.43, 70, '2024-06-03 21:41:28'),
(51, 'Tablet', 'High-performance laptop with stunning display.', 125.07, 45, '2024-06-03 21:41:28'),
(52, 'Camera', 'Versatile tablet for work and entertainment.', 193.62, 35, '2024-06-03 21:41:28'),
(53, 'Headphones', 'Latest smartphone with advanced features.', 1338.33, 69, '2024-06-03 21:41:28'),
(54, 'Laptop', 'Professional camera for capturing high-quality photos.', 1480.18, 99, '2024-06-03 21:41:28'),
(55, 'Smartphone', 'Versatile tablet for work and entertainment.', 80.87, 61, '2024-06-03 21:41:28'),
(56, 'Smartwatch', 'Versatile tablet for work and entertainment.', 1021.56, 1, '2024-06-03 21:41:28'),
(57, 'Tablet', 'High-performance laptop with stunning display.', 1057.61, 48, '2024-06-03 21:41:28'),
(58, 'Tablet', 'Sleek smartwatch with fitness tracking features.', 869.54, 57, '2024-06-03 21:41:28'),
(59, 'Smartwatch', 'Professional camera for capturing high-quality photos.', 1474.68, 13, '2024-06-03 21:41:28'),
(60, 'Smartwatch', 'Professional camera for capturing high-quality photos.', 1160.00, 25, '2024-06-03 21:41:28'),
(61, 'Tablet', 'Sleek smartwatch with fitness tracking features.', 554.33, 66, '2024-06-03 21:41:28'),
(62, 'Camera', 'Professional camera for capturing high-quality photos.', 116.12, 14, '2024-06-03 21:41:28'),
(63, 'Smartphone', 'Professional camera for capturing high-quality photos.', 1070.72, 7, '2024-06-03 21:41:28'),
(64, 'Smartphone', 'Versatile tablet for work and entertainment.', 1044.64, 12, '2024-06-03 21:41:28'),
(65, 'Smartwatch', 'Sleek smartwatch with fitness tracking features.', 509.25, 6, '2024-06-03 21:41:28'),
(66, 'Smartwatch', 'Sleek smartwatch with fitness tracking features.', 1376.34, 77, '2024-06-03 21:41:28'),
(67, 'Headphones', 'High-performance laptop with stunning display.', 750.60, 97, '2024-06-03 21:41:28'),
(68, 'Tablet', 'Versatile tablet for work and entertainment.', 189.19, 51, '2024-06-03 21:41:28'),
(69, 'Smartphone', 'Sleek smartwatch with fitness tracking features.', 1197.97, 27, '2024-06-03 21:41:28'),
(70, 'Smartwatch', 'Versatile tablet for work and entertainment.', 750.87, 41, '2024-06-03 21:41:28'),
(71, 'Smartwatch', 'High-performance laptop with stunning display.', 1255.84, 68, '2024-06-03 21:41:28'),
(72, 'Tablet', 'Professional camera for capturing high-quality photos.', 405.14, 14, '2024-06-03 21:41:28'),
(73, 'Smartwatch', 'Versatile tablet for work and entertainment.', 530.62, 45, '2024-06-03 21:41:28'),
(74, 'Headphones', 'Professional camera for capturing high-quality photos.', 1386.08, 85, '2024-06-03 21:41:28'),
(75, 'Tablet', 'Versatile tablet for work and entertainment.', 225.63, 60, '2024-06-03 21:41:28'),
(76, 'Smartwatch', 'Professional camera for capturing high-quality photos.', 494.54, 17, '2024-06-03 21:41:28'),
(77, 'Tablet', 'Versatile tablet for work and entertainment.', 254.48, 69, '2024-06-03 21:41:28'),
(78, 'Headphones', 'Versatile tablet for work and entertainment.', 927.23, 9, '2024-06-03 21:41:28'),
(79, 'Tablet', 'Sleek smartwatch with fitness tracking features.', 1064.15, 31, '2024-06-03 21:41:28'),
(80, 'Smartphone', 'High-performance laptop with stunning display.', 999.95, 25, '2024-06-03 21:41:28'),
(81, 'Camera', 'Professional camera for capturing high-quality photos.', 92.14, 96, '2024-06-03 21:41:28'),
(82, 'Smartphone', 'Versatile tablet for work and entertainment.', 815.49, 33, '2024-06-03 21:41:28'),
(83, 'Camera', 'Sleek smartwatch with fitness tracking features.', 867.96, 11, '2024-06-03 21:41:28'),
(84, 'Smartwatch', 'Professional camera for capturing high-quality photos.', 747.80, 61, '2024-06-03 21:41:28'),
(85, 'Smartphone', 'Professional camera for capturing high-quality photos.', 892.77, 73, '2024-06-03 21:41:28'),
(86, 'Smartphone', 'Versatile tablet for work and entertainment.', 1105.32, 59, '2024-06-03 21:41:28'),
(87, 'Smartphone', 'Professional camera for capturing high-quality photos.', 927.78, 97, '2024-06-03 21:41:28'),
(88, 'Tablet', 'High-performance laptop with stunning display.', 940.70, 91, '2024-06-03 21:41:28'),
(89, 'Tablet', 'Professional camera for capturing high-quality photos.', 1257.82, 36, '2024-06-03 21:41:28'),
(90, 'Camera', 'High-performance laptop with stunning display.', 1308.69, 59, '2024-06-03 21:41:28'),
(91, 'Smartwatch', 'Professional camera for capturing high-quality photos.', 1203.43, 67, '2024-06-03 21:41:28'),
(92, 'Smartphone', 'High-performance laptop with stunning display.', 773.26, 17, '2024-06-03 21:41:28'),
(93, 'Smartphone', 'Sleek smartwatch with fitness tracking features.', 1498.17, 89, '2024-06-03 21:41:28'),
(94, 'Camera', 'High-performance laptop with stunning display.', 736.60, 12, '2024-06-03 21:41:28'),
(95, 'Tablet', 'Sleek smartwatch with fitness tracking features.', 1460.32, 21, '2024-06-03 21:41:28'),
(96, 'Headphones', 'Versatile tablet for work and entertainment.', 876.25, 3, '2024-06-03 21:41:28'),
(97, 'Camera', 'Sleek smartwatch with fitness tracking features.', 499.56, 22, '2024-06-03 21:41:28'),
(98, 'Smartphone', 'Versatile tablet for work and entertainment.', 274.92, 57, '2024-06-03 21:41:28'),
(99, 'Camera', 'High-performance laptop with stunning display.', 888.06, 16, '2024-06-03 21:41:28'),
(100, 'Tablet', 'Sleek smartwatch with fitness tracking features.', 283.93, 70, '2024-06-03 21:41:28');



INSERT INTO Employees (EmployeeID, FirstName, LastName, Email, Phone, Position, Department, HireDate, CreatedAt)
VALUES
(1, 'Joseph', 'Clark', 'joseph.clark1@gmail.com', '9484791482', 'Supervisor', 'Finance', '2008-06-03', '2024-06-03 21:45:35'),
(2, 'Lucas', 'Roberts', 'lucas.roberts2@gmail.com', '9836224085', 'Engineer', 'IT', '2022-06-03', '2024-06-03 21:45:35'),
(3, 'Avery', 'Thomas', 'avery.thomas3@gmail.com', '9305484535', 'Associate', 'HR', '2017-06-03', '2024-06-03 21:45:35'),
(4, 'Daniel', 'Johnson', 'daniel.johnson4@gmail.com', '8227000566', 'Intern', 'Finance', '2013-06-03', '2024-06-03 21:45:35'),
(5, 'Aubrey', 'Garcia', 'aubrey.garcia5@gmail.com', '7227671887', 'Manager', 'IT', '2015-06-03', '2024-06-03 21:45:35'),
(6, 'Ethan', 'Roberts', 'ethan.roberts6@gmail.com', '8936435551', 'Supervisor', 'HR', '2019-06-03', '2024-06-03 21:45:35'),
(7, 'Charlotte', 'Young', 'charlotte.young7@gmail.com', '7705936506', 'Engineer', 'Finance', '2005-06-03', '2024-06-03 21:45:35'),
(8, 'Daniel', 'Hall', 'daniel.hall8@gmail.com', '7509697664', 'Associate', 'IT', '2013-06-03', '2024-06-03 21:45:35'),
(9, 'Nora', 'Smith', 'nora.smith9@gmail.com', '8784887215', 'Intern', 'HR', '2018-06-03', '2024-06-03 21:45:35'),
(10, 'Sofia', 'Martin', 'sofia.martin10@gmail.com', '8586325546', 'Manager', 'Finance', '2024-06-03', '2024-06-03 21:45:35'),
(11, 'Nora', 'Martinez', 'nora.martinez11@gmail.com', '7940603599', 'Supervisor', 'IT', '2023-06-03', '2024-06-03 21:45:35'),
(12, 'James', 'Mitchell', 'james.mitchell12@gmail.com', '9799222415', 'Engineer', 'HR', '2014-06-03', '2024-06-03 21:45:35'),
(13, 'kiran', 'Baker', 'kiran.baker13@gmail.com', '8175759139', 'Associate', 'Finance', '2023-06-03', '2024-06-03 21:45:35'),
(14, 'Samuel', 'Miller', 'samuel.miller14@gmail.com', '7170894919', 'Intern', 'IT', '2014-06-03', '2024-06-03 21:45:35'),
(15, 'Nora', 'Moore', 'nora.moore15@gmail.com', '9354515681', 'Manager', 'HR', '2021-06-03', '2024-06-03 21:45:35'),
(16, 'Aria', 'Lee', 'aria.lee16@gmail.com', '8852891247', 'Supervisor', 'Finance', '2015-06-03', '2024-06-03 21:45:35'),
(17, 'das', 'Thomas', 'das.thomas17@gmail.com', '7332443834', 'Engineer', 'IT', '2024-06-03', '2024-06-03 21:45:35'),
(18, 'Elijah', 'Roberts', 'elijah.roberts18@gmail.com', '8949083546', 'Associate', 'HR', '2006-06-03', '2024-06-03 21:45:35'),
(19, 'Andrew', 'Hall', 'andrew.hall19@gmail.com', '9292077471', 'Intern', 'Finance', '2012-06-03', '2024-06-03 21:45:35'),
(20, 'Jack', 'Robinson', 'jack.robinson20@gmail.com', '9170722315', 'Manager', 'IT', '2017-06-03', '2024-06-03 21:45:35'),
(21, 'Emma', 'Wright', 'emma.wright21@gmail.com', '7119069424', 'Supervisor', 'HR', '2013-06-03', '2024-06-03 21:45:35'),
(22, 'Olivia', 'Lopez', 'olivia.lopez22@gmail.com', '7781722820', 'Engineer', 'Finance', '2023-06-03', '2024-06-03 21:45:35'),
(23, 'Nora', 'Hill', 'nora.hill23@gmail.com', '7733771718', 'Associate', 'IT', '2010-06-03', '2024-06-03 21:45:35'),
(24, 'Ethan', 'Hernandez', 'ethan.hernandez24@gmail.com', '7186816692', 'Intern', 'HR', '2021-06-03', '2024-06-03 21:45:35'),
(25, 'Anthony', 'Rodriguez', 'anthony.rodriguez25@gmail.com', '9689728101', 'Manager', 'Finance', '2012-06-03', '2024-06-03 21:45:35'),
(26, 'Natalie', 'Lewis', 'natalie.lewis26@gmail.com', '9581330598', 'Supervisor', 'IT', '2015-06-03', '2024-06-03 21:45:35'),
(27, 'kiran', 'Taylor', 'kiran.taylor27@gmail.com', '8558528600', 'Engineer', 'HR', '2006-06-03', '2024-06-03 21:45:35'),
(28, 'Jackson', 'Allen', 'jackson.allen28@gmail.com', '9244520414', 'Associate', 'Finance', '2017-06-03', '2024-06-03 21:45:35'),
(29, 'Nora', 'Taylor', 'nora.taylor29@gmail.com', '9675419335', 'Intern', 'IT', '2007-06-03', '2024-06-03 21:45:35'),
(30, 'Isabella', 'Carter', 'isabella.carter30@gmail.com', '9502060046', 'Manager', 'HR', '2020-06-03', '2024-06-03 21:45:35'),
(31, 'Olivia', 'Hall', 'olivia.hall31@gmail.com', '9180262631', 'Supervisor', 'Finance', '2013-06-03', '2024-06-03 21:45:35'),
(32, 'Abigail', 'Lee', 'abigail.lee32@gmail.com', '8222680404', 'Engineer', 'IT', '2022-06-03', '2024-06-03 21:45:35'),
(33, 'Olivia', 'Hernandez', 'olivia.hernandez33@gmail.com', '9982473581', 'Associate', 'HR', '2017-06-03', '2024-06-03 21:45:35'),
(34, 'Alexander', 'Lee', 'alexander.lee34@gmail.com', '7644067922', 'Intern', 'Finance', '2009-06-03', '2024-06-03 21:45:35'),
(35, 'Madison', 'Green', 'madison.green35@gmail.com', '8615214799', 'Manager', 'IT', '2013-06-03', '2024-06-03 21:45:35'),
(36, 'Emma', 'Hall', 'emma.hall36@gmail.com', '9109473355', 'Supervisor', 'HR', '2017-06-03', '2024-06-03 21:45:35'),
(37, 'Charlotte', 'Williams', 'charlotte.williams37@gmail.com', '7569128073', 'Engineer', 'Finance', '2009-06-03', '2024-06-03 21:45:35'),
(38, 'Isabella', 'Rivera', 'isabella.rivera38@gmail.com', '7294447600', 'Associate', 'IT', '2011-06-03', '2024-06-03 21:45:35'),
(39, 'Avery', 'Roberts', 'avery.roberts39@gmail.com', '8286600306', 'Intern', 'HR', '2013-06-03', '2024-06-03 21:45:35'),
(40, 'Evelyn', 'Martinez', 'evelyn.martinez40@gmail.com', '8954947990', 'Manager', 'Finance', '2022-06-03', '2024-06-03 21:45:35');
(41, 'Avery', 'Lopez', 'avery.lopez41@gmail.com', '7195862210', 'Supervisor', 'IT', '2009-06-03', '2024-06-03 21:45:35'),
(42, 'Jackson', 'Young', 'jackson.young42@gmail.com', '9096585664', 'Engineer', 'HR', '2014-06-03', '2024-06-03 21:45:35'),
(43, 'Mia', 'Allen', 'mia.allen43@gmail.com', '7380136824', 'Associate', 'Finance', '2013-06-03', '2024-06-03 21:45:35'),
(44, 'Mason', 'Wright', 'mason.wright44@gmail.com', '9110406967', 'Intern', 'IT', '2022-06-03', '2024-06-03 21:45:35'),
(45, 'Aria', 'Lopez', 'aria.lopez45@gmail.com', '9443570161', 'Manager', 'HR', '2016-06-03', '2024-06-03 21:45:35'),
(46, 'Mia', 'Martinez', 'mia.martinez46@gmail.com', '8500844634', 'Supervisor', 'Finance', '2021-06-03', '2024-06-03 21:45:35'),
(47, 'Mia', 'Taylor', 'mia.taylor47@gmail.com', '9246998360', 'Engineer', 'IT', '2020-06-03', '2024-06-03 21:45:35'),
(48, 'Mia', 'Garcia', 'mia.garcia48@gmail.com', '9298831135', 'Associate', 'HR', '2016-06-03', '2024-06-03 21:45:35'),
(49, 'Charlotte', 'Allen', 'charlotte.allen49@gmail.com', '9312706188', 'Intern', 'Finance', '2018-06-03', '2024-06-03 21:45:35'),
(50, 'Mia', 'Martinez', 'mia.martinez50@gmail.com', '9494786564', 'Manager', 'IT', '2021-06-03', '2024-06-03 21:45:35'),
(51, 'Charlotte', 'Lopez', 'charlotte.lopez51@gmail.com', '9144817860', 'Supervisor', 'HR', '2020-06-03', '2024-06-03 21:45:35'),
(52, 'Aria', 'Thomas', 'aria.thomas52@gmail.com', '8988999338', 'Engineer', 'Finance', '2014-06-03', '2024-06-03 21:45:35'),
(53, 'Charlotte', 'Martinez', 'charlotte.martinez53@gmail.com', '8010225108', 'Associate', 'IT', '2013-06-03', '2024-06-03 21:45:35'),
(54, 'Aubrey', 'Lopez', 'aubrey.lopez54@gmail.com', '9117205475', 'Intern', 'HR', '2014-06-03', '2024-06-03 21:45:35'),
(55, 'Mia', 'Martinez', 'mia.martinez55@gmail.com', '9031192821', 'Manager', 'Finance', '2014-06-03', '2024-06-03 21:45:35'),
(56, 'Mason', 'Lopez', 'mason.lopez56@gmail.com', '9999317857', 'Supervisor', 'IT', '2018-06-03', '2024-06-03 21:45:35'),
(57, 'Mia', 'Allen', 'mia.allen57@gmail.com', '9963796024', 'Engineer', 'HR', '2018-06-03', '2024-06-03 21:45:35'),
(58, 'Mason', 'Allen', 'mason.allen58@gmail.com', '8135102556', 'Associate', 'Finance', '2018-06-03', '2024-06-03 21:45:35'),
(59, 'Mia', 'Lopez', 'mia.lopez59@gmail.com', '9387320973', 'Intern', 'IT', '2019-06-03', '2024-06-03 21:45:35'),
(60, 'Charlotte', 'Lopez', 'charlotte.lopez60@gmail.com', '7988240455', 'Manager', 'HR', '2020-06-03', '2024-06-03 21:45:35'),
(61, 'Mason', 'Garcia', 'mason.garcia61@gmail.com', '7554177314', 'Supervisor', 'Finance', '2021-06-03', '2024-06-03 21:45:35'),
(62, 'Mason', 'Martinez', 'mason.martinez62@gmail.com', '7965709477', 'Engineer', 'IT', '2019-06-03', '2024-06-03 21:45:35'),
(63, 'Mason', 'Thomas', 'mason.thomas63@gmail.com', '8521487470', 'Associate', 'HR', '2017-06-03', '2024-06-03 21:45:35'),
(64, 'Aria', 'Lopez', 'aria.lopez64@gmail.com', '9194046525', 'Intern', 'Finance', '2019-06-03', '2024-06-03 21:45:35'),
(65, 'Mason', 'Lopez', 'mason.lopez65@gmail.com', '8990360734', 'Manager', 'IT', '2018-06-03', '2024-06-03 21:45:35'),
(66, 'Aria', 'Garcia', 'aria.garcia66@gmail.com', '7937713274', 'Supervisor', 'HR', '2020-06-03', '2024-06-03 21:45:35'),
(67, 'Aria', 'Allen', 'aria.allen67@gmail.com', '7543657203', 'Engineer', 'Finance', '2014-06-03', '2024-06-03 21:45:35'),
(68, 'Mason', 'Lopez', 'mason.lopez68@gmail.com', '9054079375', 'Associate', 'IT', '2013-06-03', '2024-06-03 21:45:35'),
(69, 'Aria', 'Allen', 'aria.allen69@gmail.com', '7818268365', 'Intern', 'HR', '2014-06-03', '2024-06-03 21:45:35'),
(70, 'Mason', 'Garcia', 'mason.garcia70@gmail.com', '7465610670', 'Manager', 'Finance', '2021-06-03', '2024-06-03 21:45:35'),
(71, 'Aria', 'Martinez', 'aria.martinez71@gmail.com', '8642807461', 'Supervisor', 'IT', '2020-06-03', '2024-06-03 21:45:35'),
(72, 'Aria', 'Lopez', 'aria.lopez72@gmail.com', '8979648291', 'Engineer', 'HR', '2018-06-03', '2024-06-03 21:45:35'),
(73, 'Mason', 'Martinez', 'mason.martinez73@gmail.com', '9120072908', 'Associate', 'Finance', '2017-06-03', '2024-06-03 21:45:35'),
(74, 'Mason', 'Garcia', 'mason.garcia74@gmail.com', '7930151261', 'Intern', 'IT', '2019-06-03', '2024-06-03 21:45:35'),
(75, 'Mason', 'Allen', 'mason.allen75@gmail.com', '8944199153', 'Manager', 'HR', '2014-06-03', '2024-06-03 21:45:35'),
(76, 'Aria', 'Lopez', 'aria.lopez76@gmail.com', '8518611554', 'Supervisor', 'Finance', '2021-06-03', '2024-06-03 21:45:35'),
(77, 'Mason', 'Allen', 'mason.allen77@gmail.com', '8748367856', 'Engineer', 'IT', '2018-06-03', '2024-06-03 21:45:35'),
(78, 'Mason', 'Lopez', 'mason.lopez78@gmail.com', '9579305986
(79, 'Ava', 'Campbell', 'ava.campbell79@gmail.com', '8435569778', 'Supervisor', 'Marketing', '2021-01-29', '2024-06-03 21:45:35'),
(80, 'Amelia', 'Mitchell', 'amelia.mitchell80@gmail.com', '9284658744', 'Assistant', 'Finance', '2022-11-01', '2024-06-03 21:45:35'),
(81, 'Mason', 'Perez', 'mason.perez81@gmail.com', '9245748435', 'Manager', 'IT', '2016-08-11', '2024-06-03 21:45:35'),
(82, 'Evelyn', 'Roberts', 'evelyn.roberts82@gmail.com', '8473458855', 'Engineer', 'Engineering', '2020-07-12', '2024-06-03 21:45:35'),
(83, 'Harper', 'Turner', 'harper.turner83@gmail.com', '9347786565', 'Analyst', 'Marketing', '2018-10-19', '2024-06-03 21:45:35'),
(84, 'Ella', 'Phillips', 'ella.phillips84@gmail.com', '9834567748', 'Assistant', 'HR', '2021-06-23', '2024-06-03 21:45:35'),
(85, 'Lucas', 'Campbell', 'lucas.campbell85@gmail.com', '9347786565', 'Technician', 'IT', '2017-09-17', '2024-06-03 21:45:35'),
(86, 'Logan', 'Parker', 'logan.parker86@gmail.com', '9875544321', 'Consultant', 'Consulting', '2023-02-25', '2024-06-03 21:45:35'),
(87, 'Charlotte', 'Evans', 'charlotte.evans87@gmail.com', '9445588744', 'Analyst', 'Finance', '2019-12-14', '2024-06-03 21:45:35'),
(88, 'Oliver', 'Edwards', 'oliver.edwards88@gmail.com', '9287745345', 'Supervisor', 'HR', '2015-11-09', '2024-06-03 21:45:35'),
(89, 'Mia', 'Collins', 'mia.collins89@gmail.com', '9334458774', 'Engineer', 'Engineering', '2018-08-06', '2024-06-03 21:45:35'),
(90, 'Aiden', 'Stewart', 'aiden.stewart90@gmail.com', '9454875544', 'Technician', 'IT', '2021-04-25', '2024-06-03 21:45:35'),
(91, 'Aria', 'Morris', 'aria.morris91@gmail.com', '9234458775', 'Assistant', 'Marketing', '2017-05-11', '2024-06-03 21:45:35'),
(92, 'Henry', 'Murphy', 'henry.murphy92@gmail.com', '9334788454', 'Consultant', 'Consulting', '2016-12-18', '2024-06-03 21:45:35'),
(93, 'Victoria', 'Rivera', 'victoria.rivera93@gmail.com', '9454875543', 'Manager', 'Finance', '2020-01-20', '2024-06-03 21:45:35'),
(94, 'Sebastian', 'Cook', 'sebastian.cook94@gmail.com', '9444875565', 'Supervisor', 'IT', '2018-04-02', '2024-06-03 21:45:35'),
(95, 'Aurora', 'Rogers', 'aurora.rogers95@gmail.com', '9334477855', 'Analyst', 'HR', '2021-10-16', '2024-06-03 21:45:35'),
(96, 'Benjamin', 'Morgan', 'benjamin.morgan96@gmail.com', '9234477855', 'Engineer', 'Engineering', '2017-11-12', '2024-06-03 21:45:35'),
(97, 'Lily', 'Peterson', 'lily.peterson97@gmail.com', '9234788554', 'Technician', 'Marketing', '2022-06-08', '2024-06-03 21:45:35'),
(98, 'Elijah', 'Gray', 'elijah.gray98@gmail.com', '9344478544', 'Consultant', 'Consulting', '2019-03-22', '2024-06-03 21:45:35'),
(99, 'Scarlett', 'Ramirez', 'scarlett.ramirez99@gmail.com', '9234778544', 'Assistant', 'Finance', '2018-02-28', '2024-06-03 21:45:35'),
(100, 'James', 'Martinez', 'james.martinez100@gmail.com', '9444486555', 'Supervisor', 'IT', '2016-09-05', '2024-06-03 21:45:35');



INSERT INTO Orders (OrderID, CustomerID, OrderDate, TotalAmount, Status)
VALUES
(1, 127, '2023-10-10 10:40:41', 24.96, 'Cancelled'),
(2, 168, '2024-03-07 10:40:41', 205.07, 'Cancelled'),
(3, 149, '2024-05-31 10:40:41', 142.19, 'Delivered'),
(4, 153, '2024-03-21 10:40:41', 261.53, 'Shipped'),
(5, 176, '2024-01-24 10:40:41', 782.01, 'Shipped'),
(6, 136, '2023-08-17 10:40:41', 308.18, 'Pending'),
(7, 153, '2024-02-16 10:40:41', 381.48, 'Delivered'),
(8, 129, '2023-10-10 10:40:41', 254.12, 'Shipped'),
(9, 113, '2024-01-24 10:40:41', 297.06, 'Pending'),
(10, 167, '2024-05-29 10:40:41', 156.56, 'Pending'),
(11, 194, '2023-11-08 10:40:41', 472.39, 'Delivered'),
(12, 162, '2023-07-21 10:40:41', 400.70, 'Shipped'),
(13, 168, '2024-04-15 10:40:41', 256.11, 'Cancelled'),
(14, 133, '2024-04-06 10:40:41', 546.23, 'Delivered'),
(15, 129, '2023-09-02 10:40:41', 204.39, 'Pending'),
(16, 118, '2024-05-13 10:40:41', 512.58, 'Cancelled'),
(17, 194, '2023-11-30 10:40:41', 721.33, 'Pending'),
(18, 148, '2023-12-07 10:40:41', 366.08, 'Delivered'),
(19, 143, '2023-08-23 10:40:41', 971.15, 'Pending'),
(20, 175, '2023-12-26 10:40:41', 786.71, 'Delivered'),
(21, 162, '2024-05-03 10:40:41', 269.48, 'Shipped'),
(22, 159, '2023-08-14 10:40:41', 681.49, 'Pending'),
(23, 105, '2023-08-24 10:40:41', 707.90, 'Delivered'),
(24, 142, '2023-10-04 10:40:41', 211.86, 'Delivered'),
(25, 148, '2023-07-29 10:40:41', 854.59, 'Pending'),
(26, 104, '2024-02-04 10:40:41', 36.98, 'Cancelled'),
(27, 193, '2023-11-06 10:40:41', 570.23, 'Pending'),
(28, 120, '2024-02-05 10:40:41', 908.75, 'Shipped'),
(29, 115, '2024-03-30 10:40:41', 532.92, 'Delivered'),
(30, 190, '2023-12-06 10:40:41', 521.29, 'Shipped'),
(31, 172, '2024-01-16 10:40:41', 575.03, 'Cancelled'),
(32, 167, '2024-04-24 10:40:41', 641.93, 'Cancelled'),
(33, 171, '2024-06-03 10:40:41', 535.02, 'Delivered'),
(34, 123, '2024-05-23 10:40:41', 995.88, 'Pending'),
(35, 141, '2024-01-30 10:40:41', 348.79, 'Delivered'),
(36, 184, '2024-05-24 10:40:41', 421.37, 'Pending'),
(37, 188, '2023-07-22 10:40:41', 582.59, 'Cancelled'),
(38, 102, '2023-11-09 10:40:41', 617.06, 'Delivered'),
(39, 147, '2023-11-29 10:40:41', 565.18, 'Pending'),
(40, 156, '2023-07-24 10:40:41', 69.64, 'Shipped'),
(41, 167, '2024-01-05 10:40:41', 309.25, 'Cancelled'),
(42, 162, '2023-12-10 10:40:41', 923.56, 'Shipped'),
(43, 172, '2024-02-26 10:40:41', 518.63, 'Pending'),
(44, 199, '2024-03-14 10:40:41', 511.33, 'Delivered'),
(45, 112, '2024-05-10 10:40:41', 602.38, 'Cancelled'),
(46, 165, '2023-09-12 10:40:41', 810.33, 'Pending'),
(47, 194, '2023-08-19 10:40:41', 335.81, 'Pending'),
(48, 154, '2023-09-04 10:40:41', 669.63, 'Cancelled'),
(49, 156, '2024-04-17 10:40:41', 789.89, 'Shipped'),
(50, 194, '2023-08-15 10:40:41', 356.03, 'Delivered'),
(51, 109, '2024-02-24 10:40:41', 468.41, 'Delivered'),
(52, 123, '2024-03-24 10:40:41', 99.00, 'Delivered'),
INSERT INTO Orders (OrderID, CustomerID, OrderDate, TotalAmount, Status)
VALUES
(53, 161, '2024-05-15 10:40:41', 743.85, 'Delivered'),
(54, 174, '2024-04-29 10:40:41', 933.15, 'Pending'),
(55, 148, '2024-03-27 10:40:41', 131.90, 'Delivered'),
(56, 114, '2023-06-06 10:40:41', 887.19, 'Pending'),
(57, 190, '2024-03-22 10:40:41', 787.91, 'Delivered'),
(58, 127, '2023-10-17 10:40:41', 621.69, 'Delivered'),
(59, 163, '2023-11-21 10:40:41', 534.13, 'Cancelled'),
(60, 158, '2024-01-17 10:40:41', 974.84, 'Shipped'),
(61, 176, '2024-05-28 10:40:41', 494.19, 'Cancelled'),
(62, 159, '2024-03-06 10:40:41', 834.68, 'Shipped'),
(63, 154, '2024-03-06 10:40:41', 788.63, 'Delivered'),
(64, 198, '2024-03-01 10:40:41', 36.28, 'Cancelled'),
(65, 146, '2023-12-12 10:40:41', 870.02, 'Cancelled'),
(66, 196, '2023-12-31 10:40:41', 412.41, 'Delivered'),
(67, 114, '2024-04-08 10:40:41', 575.00, 'Cancelled'),
(68, 116, '2023-10-04 10:40:41', 245.08, 'Pending'),
(69, 178, '2024-01-31 10:40:41', 232.59, 'Cancelled'),
(70, 118, '2024-02-19 10:40:41', 655.56, 'Pending'),
(71, 170, '2023-12-26 10:40:41', 547.89, 'Delivered'),
(72, 148, '2023-06-26 10:40:41', 458.84, 'Pending'),
(73, 104, '2023-07-23 10:40:41', 537.07, 'Shipped'),
(74, 123, '2023-12-22 10:40:41', 388.01, 'Cancelled'),
(75, 200, '2024-03-07 10:40:41', 622.79, 'Pending'),
(76, 114, '2024-03-04 10:40:41', 213.43, 'Shipped'),
(77, 165, '2023-06-10 10:40:41', 759.93, 'Delivered'),
(78, 157, '2024-03-26 10:40:41', 448.92, 'Cancelled'),
(79, 145, '2023-06-21 10:40:41', 528.80, 'Delivered'),
(80, 179, '2023-06-14 10:40:41', 497.52, 'Delivered'),
(81, 159, '2023-07-08 10:40:41', 166.70, 'Shipped'),
(82, 139, '2023-12-02 10:40:41', 704.11, 'Shipped'),
(83, 102, '2024-04-21 10:40:41', 867.14, 'Pending'),
(84, 121, '2024-04-28 10:40:41', 73.09, 'Cancelled'),
(85, 166, '2024-05-12 10:40:41', 165.07, 'Cancelled'),
(86, 132, '2024-04-01 10:40:41', 320.69, 'Cancelled'),
(87, 101, '2024-02-25 10:40:41', 130.32, 'Pending'),
(88, 121, '2023-12-14 10:40:41', 767.88, 'Delivered'),
(89, 191, '2023-10-05 10:40:41', 410.26, 'Pending'),
(90, 119, '2023-07-18 10:40:41', 918.67, 'Cancelled'),
(91, 147, '2024-01-26 10:40:41', 875.11, 'Shipped'),
(92, 178, '2024-04-29 10:40:41', 167.53, 'Pending'),
(93, 139, '2023-12-27 10:40:41', 277.96, 'Cancelled'),
(94, 147, '2023-11-08 10:40:41', 392.24, 'Delivered'),
(95, 192, '2023-12-31 10:40:41', 593.64, 'Delivered'),
(96, 173, '2023-12-02 10:40:41', 891.06, 'Pending'),
(97, 197, '2024-01-09 10:40:41', 117.62, 'Shipped'),
(98, 178, '2023-11-23 10:40:41', 759.24, 'Cancelled'),
(99, 194, '2023-08-03 10:40:41', 859.58, 'Cancelled'),
(100, 151, '2024-05-18 10:40:41', 610.36, 'Shipped');



INSERT INTO Feedback (FeedbackID, CustomerID, OrderID, Rating, Comments, CreatedAt)
VALUES
(1, 148, 55, 5, 'Not what I expected.', '2023-07-30 11:03:00'),
(2, 101, 87, 3, 'Average experience.', '2024-01-20 11:03:00'),
(3, 151, 100, 3, 'Not what I expected.', '2024-01-26 11:03:00'),
(4, 114, 76, 3, 'Terrible service, will not buy again.', '2023-09-18 11:03:00'),
(5, 167, 10, 5, 'Excellent service!', '2023-11-18 11:03:00'),
(6, 127, 1, 5, 'Excellent service!', '2023-10-07 11:03:00'),
(7, 178, 69, 5, 'Excellent service!', '2023-12-15 11:03:00'),
(8, 168, 2, 4, 'Very satisfied with the product.', '2023-12-31 11:03:00'),
(9, 159, 81, 4, 'Excellent service!', '2023-12-07 11:03:00'),
(10, 179, 80, 2, 'Excellent service!', '2023-06-21 11:03:00'),
(11, 129, 8, 4, 'Excellent service!', '2024-02-12 11:03:00'),
(12, 159, 81, 4, 'Average experience.', '2023-08-12 11:03:00'),
(13, 127, 58, 2, 'Very satisfied with the product.', '2023-06-11 11:03:00'),
(14, 158, 60, 2, 'Not what I expected.', '2023-11-21 11:03:00'),
(15, 148, 25, 3, 'Very satisfied with the product.', '2024-02-13 11:03:00'),
(16, 178, 92, 3, 'Excellent service!', '2023-06-23 11:03:00'),
(17, 102, 83, 4, 'Terrible service, will not buy again.', '2023-07-08 11:03:00'),
(18, 120, 28, 5, 'Not what I expected.', '2024-05-12 11:03:00'),
(19, 170, 71, 1, 'Not what I expected.', '2023-09-05 11:03:00'),
(20, 190, 30, 3, 'Not what I expected.', '2023-11-04 11:03:00'),
(21, 172, 31, 4, 'Excellent service!', '2024-03-08 11:03:00'),
(22, 200, 75, 4, 'Not what I expected.', '2024-04-12 11:03:00'),
(23, 123, 74, 4, 'Terrible service, will not buy again.', '2024-01-05 11:03:00'),
(24, 116, 68, 2, 'Not what I expected.', '2023-08-27 11:03:00'),
(25, 148, 18, 3, 'Terrible service, will not buy again.', '2023-10-06 11:03:00'),
(26, 147, 39, 3, 'Average experience.', '2024-06-04 11:03:00'),
(27, 168, 2, 5, 'Terrible service, will not buy again.', '2023-09-27 11:03:00'),
(28, 200, 75, 2, 'Average experience.', '2023-10-26 11:03:00'),
(29, 129, 8, 5, 'Very satisfied with the product.', '2024-05-15 11:03:00'),
(30, 123, 74, 2, 'Average experience.', '2024-03-13 11:03:00'),
(31, 200, 75, 2, 'Average experience.', '2023-09-11 11:03:00'),
(32, 156, 40, 2, 'Very satisfied with the product.', '2023-06-14 11:03:00'),
(33, 178, 69, 5, 'Excellent service!', '2023-07-04 11:03:00'),
(34, 153, 4, 3, 'Very satisfied with the product.', '2024-04-22 11:03:00'),
(35, 154, 63, 1, 'Excellent service!', '2023-08-01 11:03:00'),
(36, 154, 63, 1, 'Average experience.', '2024-02-19 11:03:00'),
(37, 199, 44, 3, 'Excellent service!', '2024-02-14 11:03:00'),
(38, 162, 21, 3, 'Average experience.', '2024-01-31 11:03:00'),
(39, 102, 83, 1, 'Terrible service, will not buy again.', '2023-10-13 11:03:00'),
(40, 172, 43, 2, 'Terrible service, will not buy again.', '2024-02-05 11:03:00'),
(41, 129, 8, 3, 'Average experience.', '2024-05-26 11:03:00'),
(42, 123, 34, 1, 'Excellent service!', '2023-08-11 11:03:00'),
(43, 121, 88, 2, 'Terrible service, will not buy again.', '2023-09-23 11:03:00'),
(44, 104, 73, 5, 'Average experience.', '2023-07-24 11:03:00'),
(45, 156, 49, 4, 'Very satisfied with the product.', '2024-02-16 11:03:00'),
(46, 190, 30, 1, 'Not what I expected.', '2023-07-03 11:03:00'),
INSERT INTO Feedback (FeedbackID, CustomerID, OrderID, Rating, Comments, CreatedAt)
VALUES
(47, 194, 99, 4, 'Not what I expected.', '2023-07-12 11:03:00'),
(48, 200, 75, 3, 'Very satisfied with the product.', '2023-08-28 11:03:00'),
(49, 170, 71, 3, 'Excellent service!', '2023-11-27 11:03:00'),
(50, 105, 23, 5, 'Terrible service, will not buy again.', '2023-08-19 11:03:00'),
(51, 178, 98, 3, 'Excellent service!', '2023-12-07 11:03:00'),
(52, 192, 95, 4, 'Average experience.', '2023-08-15 11:03:00'),
(53, 193, 27, 1, 'Not what I expected.', '2023-12-01 11:03:00'),
(54, 109, 51, 5, 'Terrible service, will not buy again.', '2023-12-19 11:03:00'),
(55, 192, 95, 1, 'Very satisfied with the product.', '2024-05-01 11:03:00'),
(56, 123, 34, 1, 'Excellent service!', '2023-09-18 11:03:00'),
(57, 105, 23, 5, 'Excellent service!', '2024-01-05 11:03:00'),
(58, 148, 18, 2, 'Average experience.', '2024-03-28 11:03:00'),
(59, 194, 99, 2, 'Not what I expected.', '2023-08-29 11:03:00'),
(60, 168, 2, 1, 'Not what I expected.', '2024-04-26 11:03:00'),
(61, 194, 11, 4, 'Terrible service, will not buy again.', '2023-10-03 11:03:00'),
(62, 159, 62, 1, 'Terrible service, will not buy again.', '2024-03-27 11:03:00'),
(63, 156, 40, 4, 'Very satisfied with the product.', '2023-08-24 11:03:00'),
(64, 147, 39, 2, 'Average experience.', '2023-11-17 11:03:00'),
(65, 165, 46, 4, 'Terrible service, will not buy again.', '2023-06-18 11:03:00'),
(66, 166, 85, 1, 'Very satisfied with the product.', '2023-12-15 11:03:00'),
(67, 139, 82, 5, 'Not what I expected.', '2024-02-18 11:03:00'),
(68, 170, 71, 5, 'Very satisfied with the product.', '2023-08-04 11:03:00'),
(69, 102, 38, 5, 'Terrible service, will not buy again.', '2023-12-13 11:03:00'),
(70, 158, 60, 2, 'Very satisfied with the product.', '2023-11-02 11:03:00'),
(71, 194, 11, 1, 'Very satisfied with the product.', '2023-12-13 11:03:00'),
(72, 102, 83, 2, 'Excellent service!', '2024-02-13 11:03:00'),
(73, 159, 22, 1, 'Very satisfied with the product.', '2023-09-08 11:03:00'),
(74, 172, 43, 4, 'Average experience.', '2023-06-21 11:03:00'),
(75, 116, 68, 1, 'Very satisfied with the product.', '2023-07-29 11:03:00'),
(76, 148, 18, 2, 'Terrible service, will not buy again.', '2024-02-14 11:03:00'),
(77, 136, 6, 2, 'Very satisfied with the product.', '2023-10-14 11:03:00'),
(78, 133, 14, 5, 'Terrible service, will not buy again.', '2024-01-04 11:03:00'),
(79, 127, 58, 5, 'Not what I expected.', '2023-07-19 11:03:00'),
(80, 175, 20, 2, 'Very satisfied with the product.', '2023-08-30 11:03:00'),
(81, 139, 93, 5, 'Average experience.', '2023-12-11 11:03:00'),
(82, 116, 68, 5, 'Terrible service, will not buy again.', '2023-08-11 11:03:00'),
(83, 171, 33, 1, 'Average experience.', '2024-04-25 11:03:00'),
(84, 118, 16, 5, 'Very satisfied with the product.', '2024-04-16 11:03:00'),
(85, 197, 97, 5, 'Terrible service, will not buy again.', '2023-08-16 11:03:00'),
(86, 104, 73, 1, 'Excellent service!', '2023-08-27 11:03:00'),
(87, 172, 31, 1, 'Average experience.', '2023-07-11 11:03:00'),
(88, 194, 17, 2, 'Very satisfied with the product.', '2024-01-04 11:03:00'),
(89, 136, 6, 1, 'Not what I expected.', '2023-06-11 11:03:00'),
(90, 165, 77, 5, 'Average experience.', '2024-04-26 11:03:00'),
(91, 112, 45, 3, 'Terrible service, will not buy again.', '2023-09-08 11:03:00'),
(92, 129, 15, 3, 'Terrible service, will not buy again.', '2024-05-26 11:03:00'),
(93, 154, 48, 4, 'Terrible service, will not buy again.', '2023-07-03 11:03:00'),
(94, 159, 22, 3, 'Not what I expected.', '2023-07-28 11:03:00'),
(95, 102, 83, 3, 'Average experience.', '2024-01-04 11:03:00'),
(96, 142, 24, 2, 'Not what I expected.', '2023-09-06 11:03:00'),
(97, 159, 62, 2, 'Average experience.', '2023-07-19 11:03:00'),
(98, 129, 8, 5, 'Very satisfied with the product.', '2023-07-29 11:03:00'),
(99, 136, 6, 4, 'Not what I expected.', '2024-03-14 11:03:00'),
(100, 121, 84, 1, 'Not what I expected.', '2023-09-04 11:03:00');
